factor,hits_95,hits_90,median_rsq,mean_rsq,sign_consistency,beta_mean,beta_std,beta_cv
MSCI EM Equity,5.0,5.0,0.31933034519677705,0.3203223066372189,1.0,0.28537698830132646,0.27506428881658285,0.9638628904625681
MSCI Asia ex-J,5.0,5.0,0.26855994344933637,0.2891828732269056,1.0,0.28569642288576486,0.2773319939267537,0.9707226682242137
EM Bond,6.0,6.0,0.25130158064609237,0.25271276304242646,1.0,0.5764992217660485,0.418065824116151,0.7251802055078624
High Yield,4.0,5.0,0.19833173472522792,0.22697459765192693,1.0,0.5504945063222385,0.5303039658120855,0.963322902809683
Global AGG,6.0,6.0,0.1933762412445641,0.22996199259920955,1.0,0.7128379003957246,0.43268946457852847,0.6069955937215438
MSCI Japan,5.0,5.0,0.15171991625017706,0.15735172844896575,1.0,0.28619235104448065,0.26811564688402273,0.9368372212065681
Gold,5.0,5.0,0.1383273183833234,0.13729862253238448,1.0,0.16925243887166566,0.15436412588751847,0.912034868836672
US Dollar,5.0,5.0,0.0956363081920254,0.1081831305720304,1.0,-0.6380038404357715,0.5989647327757435,0.9388105444094158
